Id,Label,soc_major,soc_group,modularity_class,Eccentricity,closnesscentrality,harmonicclosnesscentrality,betweenesscentrality,Degree
11-1011.00,Chief Executives,11,Management,0,11,0.220224,0.247295,0.000002,2
11-1011.03,Chief Sustainability Officers,11,Management,2,10,0.292447,0.344899,0.003213,18
11-1021.00,General and Operations Managers,11,Management,0,10,0.277234,0.341033,0.018304,28
11-2011.00,Advertising and Promotions Managers,11,Management,2,9,0.304435,0.374224,0.015603,33
11-2021.00,Marketing Managers,11,Management,2,10,0.272892,0.318112,0.00037,12
11-2022.00,Sales Managers,11,Management,0,10,0.281716,0.344602,0.007015,26
11-2033.00,Fundraising Managers,11,Management,2,9,0.285804,0.332258,0.001342,11
11-3012.00,Administrative Services Managers,11,Management,0,10,0.243679,0.283344,0.000413,11
11-3013.00,Facilities Managers,11,Management,0,10,0.201782,0.220817,0.003299,3
11-3013.01,Security Managers,11,Management,0,10,0.246062,0.285441,0.001831,9
11-3031.00,Financial Managers,11,Management,2,9,0.293584,0.35582,0.013172,25
11-3031.01,Treasurers and Controllers,11,Management,2,10,0.227982,0.25909,0.00001,5
11-3031.03,Investment Fund Managers,11,Management,2,9,0.289087,0.349608,0.010113,24
11-3051.02,Geothermal Production Managers,11,Management,1,1,1,1,0,2
11-3051.04,Biomass Power Plant Managers,11,Management,1,1,1,1,0,2
11-3061.00,Purchasing Managers,11,Management,0,10,0.255499,0.307574,0.000962,17
11-3071.00,"Transportation, Storage, and Distribution Managers",11,Management,0,10,0.251947,0.299254,0.00071,15
11-3071.04,Supply Chain Managers,11,Management,0,10,0.247541,0.287627,0.000568,8
11-3111.00,Compensation and Benefits Managers,11,Management,2,10,0.270609,0.317839,0.000815,12
11-3121.00,Human Resources Managers,11,Management,2,9,0.307745,0.372539,0.006118,25
11-3131.00,Training and Development Managers,11,Management,2,10,0.281541,0.331709,0.000573,10
11-9013.00,"Farmers, Ranchers, and Other Agricultural Managers",11,Management,1,1,1,1,0,2
11-9021.00,Construction Managers,11,Management,0,11,0.217162,0.243041,0,1
11-9031.00,"Education and Childcare Administrators, Preschool and Daycare",11,Management,0,10,0.287619,0.354352,0.007189,26
11-9032.00,"Education Administrators, Kindergarten through Secondary",11,Management,0,10,0.290757,0.347945,0.003593,18
11-9033.00,"Education Administrators, Postsecondary",11,Management,0,10,0.27963,0.337181,0.002843,15
11-9041.00,Architectural and Engineering Managers,11,Management,5,11,0.251947,0.284145,0.002772,3
11-9041.01,Biofuels/Biodiesel Technology and Product Development Managers,11,Management,5,12,0.187967,0.205093,0,1
11-9051.00,Food Service Managers,11,Management,0,12,0.163774,0.177643,0.003299,2
11-9071.00,Gambling Managers,11,Management,0,10,0.278769,0.336634,0.005025,23
11-9072.00,"Entertainment and Recreation Managers, Except Gambling",11,Management,0,9,0.303823,0.372303,0.017113,30
11-9081.00,Lodging Managers,11,Management,0,9,0.274213,0.325556,0.004772,18
11-9111.00,Medical and Health Services Managers,11,Management,2,10,0.264448,0.309618,0.000584,12
11-9121.00,Natural Sciences Managers,11,Management,5,12,0.206378,0.234797,0,2
11-9121.01,Clinical Research Coordinators,11,Management,8,10,0.278427,0.319594,0.000069,6
11-9121.02,Water Resource Specialists,11,Management,5,11,0.239936,0.278928,0.005002,8
11-9131.00,Postmasters and Mail Superintendents,11,Management,0,10,0.255932,0.301204,0.001474,14
11-9141.00,"Property, Real Estate, and Community Association Managers",11,Management,0,10,0.242505,0.275365,0.000215,3
11-9151.00,Social and Community Service Managers,11,Management,2,10,0.279285,0.320519,0.000735,9
11-9161.00,Emergency Management Directors,11,Management,2,10,0.319915,0.389667,0.031622,27
11-9171.00,Funeral Home Managers,11,Management,0,10,0.239936,0.275587,0.00027,7
11-9179.01,Fitness and Wellness Coordinators,11,Management,0,10,0.24633,0.280584,0.000291,5
11-9179.02,Spa Managers,11,Management,0,10,0.242505,0.287392,0.010146,14
11-9199.01,Regulatory Affairs Managers,11,Management,2,9,0.300597,0.350764,0.003402,15
11-9199.02,Compliance Managers,11,Management,12,9,0.347126,0.408398,0.013422,23
11-9199.08,Loss Prevention Managers,11,Management,0,9,0.297049,0.345608,0.009183,15
11-9199.09,Wind Energy Operations Managers,11,Management,0,11,0.167964,0.178666,0,1
11-9199.10,Wind Energy Development Managers,11,Management,0,10,0.264448,0.311248,0.006104,15
11-9199.11,Brownfield Redevelopment Specialists and Site Managers,11,Management,5,11,0.226954,0.253728,0.006583,3
13-1011.00,"Agents and Business Managers of Artists, Performers, and Athletes",13,Business & Financial,2,9,0.266627,0.30335,0.000352,7
13-1021.00,"Buyers and Purchasing Agents, Farm Products",13,Business & Financial,0,11,0.222059,0.249823,0.006583,3
13-1022.00,"Wholesale and Retail Buyers, Except Farm Products",13,Business & Financial,0,12,0.181928,0.19775,0.003299,2
13-1023.00,"Purchasing Agents, Except Wholesale, Retail, and Farm Products",13,Business & Financial,0,13,0.153977,0.163556,0,1
13-1031.00,"Claims Adjusters, Examiners, and Investigators",13,Business & Financial,14,8,0.306703,0.34209,0.00259,9
13-1041.00,Compliance Officers,13,Business & Financial,14,8,0.317895,0.376225,0.029445,22
13-1041.01,Environmental Compliance Inspectors,13,Business & Financial,5,11,0.199472,0.221131,0.003687,4
13-1041.03,Equal Opportunity Representatives and Officers,13,Business & Financial,12,9,0.343442,0.413959,0.012983,31
13-1041.04,Government Property Inspectors and Investigators,13,Business & Financial,5,9,0.257533,0.282465,0.009736,7
13-1041.06,Coroners,13,Business & Financial,8,10,0.27142,0.313395,0.000463,9
13-1041.07,Regulatory Affairs Specialists,13,Business & Financial,2,9,0.311983,0.373669,0.013534,26
13-1041.08,Customs Brokers,13,Business & Financial,2,9,0.305668,0.364929,0.002581,18
13-1051.00,Cost Estimators,13,Business & Financial,2,10,0.239429,0.273823,0.000092,5
13-1071.00,Human Resources Specialists,13,Business & Financial,2,8,0.339835,0.409963,0.014139,31
13-1075.00,Labor Relations Specialists,13,Business & Financial,2,8,0.331383,0.399882,0.019537,30
13-1081.00,Logisticians,13,Business & Financial,2,10,0.28689,0.343351,0.005405,20
13-1081.02,Logistics Analysts,13,Business & Financial,2,10,0.254781,0.293191,0.000263,8
13-1111.00,Management Analysts,13,Business & Financial,2,9,0.313495,0.369346,0.006502,21
13-1121.00,"Meeting, Convention, and Event Planners",13,Business & Financial,0,10,0.238672,0.272545,0.000439,5
13-1131.00,Fundraisers,13,Business & Financial,2,9,0.291693,0.339248,0.008242,11
13-1141.00,"Compensation, Benefits, and Job Analysis Specialists",13,Business & Financial,2,9,0.328976,0.39775,0.016296,30
13-1151.00,Training and Development Specialists,13,Business & Financial,6,10,0.300398,0.372653,0.004415,31
13-1161.00,Market Research Analysts and Marketing Specialists,13,Business & Financial,2,9,0.317227,0.380287,0.014807,24
13-1161.01,Search Marketing Strategists,13,Business & Financial,2,9,0.263525,0.303494,0.010791,8
13-1199.04,Business Continuity Planners,13,Business & Financial,2,10,0.262153,0.308291,0.00484,14
13-1199.05,Sustainability Specialists,13,Business & Financial,2,9,0.356693,0.424345,0.066788,29
13-1199.06,Online Merchants,13,Business & Financial,2,10,0.232189,0.261303,0,3
13-1199.07,Security Management Specialists,13,Business & Financial,2,11,0.218946,0.245461,0.006583,3
13-2011.00,Accountants and Auditors,13,Business & Financial,2,8,0.334071,0.399191,0.031492,34
13-2022.00,Appraisers of Personal and Business Property,13,Business & Financial,2,8,0.285985,0.330997,0.001316,14
13-2023.00,Appraisers and Assessors of Real Estate,13,Business & Financial,14,8,0.288903,0.332668,0.006626,13
13-2031.00,Budget Analysts,13,Business & Financial,2,10,0.233505,0.265108,0.000245,6
13-2041.00,Credit Analysts,13,Business & Financial,2,10,0.222059,0.241657,0,1
13-2052.00,Personal Financial Advisors,13,Business & Financial,2,9,0.282948,0.328802,0.001021,11
13-2053.00,Insurance Underwriters,13,Business & Financial,2,8,0.345274,0.420493,0.033108,42
13-2061.00,Financial Examiners,13,Business & Financial,2,9,0.293394,0.333829,0.000994,8
13-2071.00,Credit Counselors,13,Business & Financial,2,8,0.31879,0.370588,0.00499,16
13-2072.00,Loan Officers,13,Business & Financial,2,9,0.289457,0.337556,0.000495,14
13-2081.00,"Tax Examiners and Collectors, and Revenue Agents",13,Business & Financial,2,8,0.306495,0.360675,0.007872,22
13-2082.00,Tax Preparers,13,Business & Financial,2,8,0.280669,0.325901,0.001596,14
13-2099.01,Financial Quantitative Analysts,13,Business & Financial,2,10,0.240064,0.273305,0.003452,6
13-2099.04,"Fraud Examiners, Investigators and Analysts",13,Business & Financial,2,9,0.297439,0.349255,0.001315,15
15-1211.01,Health Informatics Specialists,15,Computer & Math,4,10,0.209045,0.229871,0.00659,3
15-1243.00,Database Architects,15,Computer & Math,3,1,1,1,0,1
15-1243.01,Data Warehousing Specialists,15,Computer & Math,3,1,1,1,0,1
15-1299.03,Document Management Specialists,15,Computer & Math,2,10,0.250692,0.282335,0.000134,6
15-1299.09,Information Technology Project Managers,15,Computer & Math,2,11,0.241729,0.276287,0.000262,7
15-2011.00,Actuaries,15,Computer & Math,2,10,0.243942,0.275266,0.000802,5
15-2021.00,Mathematicians,15,Computer & Math,5,15,0.127858,0.138837,0,2
15-2031.00,Operations Research Analysts,15,Computer & Math,5,15,0.127858,0.138837,0,2
15-2041.00,Statisticians,15,Computer & Math,5,15,0.127894,0.13994,0.000004,3
15-2041.01,Biostatisticians,15,Computer & Math,5,14,0.146507,0.163042,0.009856,4
15-2051.01,Business Intelligence Analysts,15,Computer & Math,2,9,0.285264,0.330539,0.007294,12
17-1011.00,"Architects, Except Landscape and Naval",17,Architecture & Engineering,5,12,0.1852,0.200578,0.003299,2
17-1012.00,Landscape Architects,17,Architecture & Engineering,5,13,0.156315,0.165647,0,1
17-1021.00,Cartographers and Photogrammetrists,17,Architecture & Engineering,2,9,0.280669,0.313502,0.000242,4
17-2011.00,Aerospace Engineers,17,Architecture & Engineering,5,12,0.176815,0.192434,0,1
17-2051.02,Water/Wastewater Engineers,17,Architecture & Engineering,5,12,0.197214,0.226104,0.001089,6
17-2081.00,Environmental Engineers,17,Architecture & Engineering,5,10,0.290013,0.344158,0.045895,19
17-2111.00,"Health and Safety Engineers, Except Mining Safety Engineers and Inspectors",17,Architecture & Engineering,5,10,0.282419,0.315681,0.009807,6
17-2112.01,Human Factors Engineers and Ergonomists,17,Architecture & Engineering,5,11,0.214692,0.244569,0.005326,4
17-2112.02,Validation Engineers,17,Architecture & Engineering,5,12,0.209238,0.243146,0.000884,6
17-2131.00,Materials Engineers,17,Architecture & Engineering,5,13,0.175786,0.195445,0,1
17-2141.02,Automotive Engineers,17,Architecture & Engineering,5,12,0.18149,0.205652,0.000058,4
17-2151.00,"Mining and Geological Engineers, Including Mining Safety Engineers",17,Architecture & Engineering,5,12,0.193342,0.215663,0,1
17-2171.00,Petroleum Engineers,17,Architecture & Engineering,5,11,0.2265,0.251704,0,2
17-2199.03,"Energy Engineers, Except Wind and Solar",17,Architecture & Engineering,5,11,0.234472,0.276023,0.007338,11
17-2199.06,Microsystems Engineers,17,Architecture & Engineering,5,12,0.201423,0.232043,0.000003,4
17-2199.10,Wind Energy Engineers,17,Architecture & Engineering,5,12,0.195511,0.225891,0.000397,6
17-2199.11,Solar Energy Systems Engineers,17,Architecture & Engineering,5,13,0.175786,0.195445,0,1
17-3011.00,Architectural and Civil Drafters,17,Architecture & Engineering,4,11,0.172967,0.184439,0,1
17-3012.00,Electrical and Electronics Drafters,17,Architecture & Engineering,4,11,0.172967,0.184439,0,1
17-3022.00,Civil Engineering Technologists and Technicians,17,Architecture & Engineering,5,12,0.190176,0.21087,0,2
19-1011.00,Animal Scientists,19,"Life, Physical & Social Science",5,11,0.250276,0.312311,0.009317,23
19-1012.00,Food Scientists and Technologists,19,"Life, Physical & Social Science",5,11,0.231359,0.266789,0.006294,8
19-1013.00,Soil and Plant Scientists,19,"Life, Physical & Social Science",5,11,0.235325,0.28088,0.003439,14
19-1022.00,Microbiologists,19,"Life, Physical & Social Science",5,12,0.211386,0.245343,0.003299,6
19-1023.00,Zoologists and Wildlife Biologists,19,"Life, Physical & Social Science",5,11,0.257973,0.310404,0.002062,14
19-1029.01,Bioinformatics Scientists,19,"Life, Physical & Social Science",5,10,0.269322,0.327879,0.013702,20
19-1029.02,Molecular and Cellular Biologists,19,"Life, Physical & Social Science",5,13,0.174566,0.191866,0,1
19-1029.03,Geneticists,19,"Life, Physical & Social Science",5,10,0.261246,0.311674,0.003033,13
19-1029.04,Biologists,19,"Life, Physical & Social Science",5,12,0.181709,0.19729,0,1
19-1031.00,Conservation Scientists,19,"Life, Physical & Social Science",8,11,0.259005,0.31515,0.004852,18
19-1031.02,Range Managers,19,"Life, Physical & Social Science",5,11,0.225149,0.248908,0.003299,2
19-1031.03,Park Naturalists,19,"Life, Physical & Social Science",12,10,0.286709,0.326574,0.00012,6
19-1041.00,Epidemiologists,19,"Life, Physical & Social Science",5,10,0.275046,0.324173,0.002763,11
19-1042.00,"Medical Scientists, Except Epidemiologists",19,"Life, Physical & Social Science",5,11,0.251807,0.308595,0.015398,18
19-2011.00,Astronomers,19,"Life, Physical & Social Science",5,11,0.229833,0.261734,0.000033,3
19-2012.00,Physicists,19,"Life, Physical & Social Science",5,13,0.171202,0.192121,0.013107,2
19-2021.00,Atmospheric and Space Scientists,19,"Life, Physical & Social Science",5,10,0.285444,0.346947,0.011126,21
19-2032.00,Materials Scientists,19,"Life, Physical & Social Science",5,12,0.213176,0.254137,0.006707,11
19-2041.00,"Environmental Scientists and Specialists, Including Health",19,"Life, Physical & Social Science",5,11,0.256657,0.314415,0.011037,20
19-2041.01,Climate Change Policy Analysts,19,"Life, Physical & Social Science",2,9,0.307119,0.361376,0.004698,17
19-2041.02,Environmental Restoration Planners,19,"Life, Physical & Social Science",5,11,0.239556,0.289489,0.008006,16
19-2041.03,Industrial Ecologists,19,"Life, Physical & Social Science",5,10,0.278427,0.331442,0.006883,14
19-2042.00,"Geoscientists, Except Hydrologists and Geographers",19,"Life, Physical & Social Science",5,11,0.24513,0.293439,0.009374,12
19-2099.01,Remote Sensing Scientists and Technologists,19,"Life, Physical & Social Science",5,12,0.205722,0.242198,0.017541,8
19-3011.00,Economists,19,"Life, Physical & Social Science",2,9,0.285444,0.334749,0.004309,13
19-3011.01,Environmental Economists,19,"Life, Physical & Social Science",2,11,0.193673,0.209924,0,1
19-3022.00,Survey Researchers,19,"Life, Physical & Social Science",2,10,0.273056,0.314643,0.005066,10
19-3032.00,Industrial-Organizational Psychologists,19,"Life, Physical & Social Science",2,10,0.27622,0.325939,0.00089,12
19-3033.00,Clinical and Counseling Psychologists,19,"Life, Physical & Social Science",12,8,0.351435,0.432692,0.022097,43
19-3034.00,School Psychologists,19,"Life, Physical & Social Science",12,8,0.350348,0.426401,0.020546,40
19-3039.02,Neuropsychologists,19,"Life, Physical & Social Science",8,9,0.324731,0.400117,0.019118,37
19-3039.03,Clinical Neuropsychologists,19,"Life, Physical & Social Science",8,9,0.343182,0.423746,0.015435,39
19-3041.00,Sociologists,19,"Life, Physical & Social Science",6,9,0.322191,0.4093,0.017106,49
19-3051.00,Urban and Regional Planners,19,"Life, Physical & Social Science",2,10,0.273551,0.318343,0.0022,11
19-3091.00,Anthropologists and Archeologists,19,"Life, Physical & Social Science",6,10,0.308373,0.37556,0.005568,26
19-3092.00,Geographers,19,"Life, Physical & Social Science",5,10,0.299207,0.363164,0.019901,24
19-3093.00,Historians,19,"Life, Physical & Social Science",6,10,0.248491,0.284149,0.000002,4
19-3094.00,Political Scientists,19,"Life, Physical & Social Science",6,9,0.316562,0.386394,0.007013,30
19-3099.01,Transportation Planners,19,"Life, Physical & Social Science",2,10,0.268047,0.312189,0.000585,12
19-4042.00,"Environmental Science and Protection Technicians, Including Health",19,"Life, Physical & Social Science",8,13,0.156261,0.165937,0,1
19-4061.00,Social Science Research Assistants,19,"Life, Physical & Social Science",5,11,0.22195,0.251751,0.003299,3
19-4092.00,Forensic Science Technicians,19,"Life, Physical & Social Science",8,12,0.185125,0.201803,0.003299,3
19-5012.00,Occupational Health and Safety Technicians,19,"Life, Physical & Social Science",5,10,0.237795,0.261224,0.004423,5
21-1011.00,Substance Abuse and Behavioral Disorder Counselors,21,Community & Social Service,12,9,0.361244,0.438494,0.035838,42
21-1012.00,"Educational, Guidance, and Career Counselors and Advisors",21,Community & Social Service,12,8,0.350077,0.436032,0.027184,48
21-1013.00,Marriage and Family Therapists,21,Community & Social Service,12,9,0.313278,0.370839,0.001189,20
21-1014.00,Mental Health Counselors,21,Community & Social Service,12,9,0.308163,0.36131,0.001192,19
21-1015.00,Rehabilitation Counselors,21,Community & Social Service,12,9,0.311554,0.365688,0.001195,17
21-1021.00,"Child, Family, and School Social Workers",21,Community & Social Service,12,9,0.29666,0.34462,0.000334,13
21-1022.00,Healthcare Social Workers,21,Community & Social Service,12,9,0.309638,0.362966,0.001247,17
21-1023.00,Mental Health and Substance Abuse Social Workers,21,Community & Social Service,12,9,0.316562,0.381766,0.002438,26
21-1091.00,Health Education Specialists,21,Community & Social Service,6,10,0.285624,0.343356,0.001253,19
21-1092.00,Probation Officers and Correctional Treatment Specialists,21,Community & Social Service,12,9,0.294538,0.336688,0.001781,10
21-1093.00,Social and Human Service Assistants,21,Community & Social Service,12,8,0.335556,0.400823,0.025492,27
21-1094.00,Community Health Workers,21,Community & Social Service,12,8,0.337054,0.404959,0.034571,27
21-2011.00,Clergy,21,Community & Social Service,0,9,0.294156,0.34442,0.001485,9
21-2021.00,"Directors, Religious Activities and Education",21,Community & Social Service,2,10,0.269482,0.313718,0.000258,6
23-1011.00,Lawyers,23,Legal,2,9,0.320368,0.37939,0.003396,21
23-1012.00,Judicial Law Clerks,23,Legal,2,9,0.287254,0.329159,0.006758,10
23-1021.00,"Administrative Law Judges, Adjudicators, and Hearing Officers",23,Legal,2,8,0.337305,0.399248,0.00786,28
23-1022.00,"Arbitrators, Mediators, and Conciliators",23,Legal,2,9,0.267889,0.30007,0.000182,5
23-1023.00,"Judges, Magistrate Judges, and Magistrates",23,Legal,2,9,0.305256,0.353179,0.000321,12
23-2011.00,Paralegals and Legal Assistants,23,Legal,2,8,0.3,0.346326,0.001265,13
23-2093.00,"Title Examiners, Abstractors, and Searchers",23,Legal,2,8,0.299603,0.352213,0.003407,21
25-1011.00,"Business Teachers, Postsecondary",25,Education,6,10,0.313929,0.395727,0.006275,41
25-1021.00,"Computer Science Teachers, Postsecondary",25,Education,6,10,0.266157,0.315556,0.000001,13
25-1022.00,"Mathematical Science Teachers, Postsecondary",25,Education,6,10,0.256803,0.293833,0.0001,5
25-1031.00,"Architecture Teachers, Postsecondary",25,Education,6,10,0.314147,0.393115,0.006501,40
25-1032.00,"Engineering Teachers, Postsecondary",25,Education,6,10,0.271095,0.325705,0.001206,16
25-1041.00,"Agricultural Sciences Teachers, Postsecondary",25,Education,6,11,0.260794,0.311695,0.000104,13
25-1042.00,"Biological Science Teachers, Postsecondary",25,Education,6,10,0.258857,0.311238,0.000732,15
25-1043.00,"Forestry and Conservation Science Teachers, Postsecondary",25,Education,6,10,0.270609,0.331119,0.00037,23
25-1051.00,"Atmospheric, Earth, Marine, and Space Sciences Teachers, Postsecondary",25,Education,6,10,0.267572,0.323718,0.002088,19
25-1052.00,"Chemistry Teachers, Postsecondary",25,Education,6,11,0.258267,0.309374,0.00067,11
25-1053.00,"Environmental Science Teachers, Postsecondary",25,Education,6,10,0.273056,0.333321,0.002558,20
25-1054.00,"Physics Teachers, Postsecondary",25,Education,6,11,0.218419,0.248363,0,3
25-1061.00,"Anthropology and Archeology Teachers, Postsecondary",25,Education,6,10,0.277404,0.346104,0.001444,31
25-1062.00,"Area, Ethnic, and Cultural Studies Teachers, Postsecondary",25,Education,6,10,0.275547,0.339551,0.000174,27
25-1063.00,"Economics Teachers, Postsecondary",25,Education,6,10,0.283302,0.348989,0.002259,28
25-1064.00,"Geography Teachers, Postsecondary",25,Education,6,10,0.283125,0.349909,0.001076,29
25-1065.00,"Political Science Teachers, Postsecondary",25,Education,6,10,0.269162,0.332039,0.000418,26
25-1066.00,"Psychology Teachers, Postsecondary",25,Education,6,10,0.284369,0.358163,0.003668,34
25-1067.00,"Sociology Teachers, Postsecondary",25,Education,6,10,0.293394,0.367602,0.001867,35
25-1071.00,"Health Specialties Teachers, Postsecondary",25,Education,6,10,0.269964,0.329705,0.001919,20
25-1072.00,"Nursing Instructors and Teachers, Postsecondary",25,Education,6,10,0.325899,0.414196,0.016025,47
25-1081.00,"Education Teachers, Postsecondary",25,Education,6,10,0.295499,0.363792,0.000675,29
25-1082.00,"Library Science Teachers, Postsecondary",25,Education,6,10,0.298616,0.376853,0.001923,39
25-1111.00,"Criminal Justice and Law Enforcement Teachers, Postsecondary",25,Education,6,10,0.288719,0.353033,0.000219,26
25-1112.00,"Law Teachers, Postsecondary",25,Education,6,10,0.281017,0.341485,0.000137,24
25-1113.00,"Social Work Teachers, Postsecondary",25,Education,6,10,0.29901,0.377073,0.002773,39
25-1121.00,"Art, Drama, and Music Teachers, Postsecondary",25,Education,6,10,0.273221,0.331118,0.000117,21
25-1122.00,"Communications Teachers, Postsecondary",25,Education,6,9,0.320141,0.401962,0.00639,44
25-1123.00,"English Language and Literature Teachers, Postsecondary",25,Education,6,10,0.284191,0.347078,0.000285,26
25-1124.00,"Foreign Language and Literature Teachers, Postsecondary",25,Education,6,10,0.301799,0.380716,0.002355,40
25-1125.00,"History Teachers, Postsecondary",25,Education,6,10,0.299603,0.373137,0.001305,34
25-1126.00,"Philosophy and Religion Teachers, Postsecondary",25,Education,6,9,0.312198,0.38765,0.002426,37
25-1192.00,"Family and Consumer Sciences Teachers, Postsecondary",25,Education,6,10,0.298026,0.374829,0.002958,38
25-1193.00,"Recreation and Fitness Studies Teachers, Postsecondary",25,Education,6,10,0.300199,0.363608,0.001959,25
25-1194.00,"Career/Technical Education Teachers, Postsecondary",25,Education,6,10,0.233025,0.263409,0,2
25-2011.00,"Preschool Teachers, Except Special Education",25,Education,6,9,0.295306,0.357039,0.001553,23
25-2012.00,"Kindergarten Teachers, Except Special Education",25,Education,6,9,0.300797,0.366679,0.002794,27
25-2021.00,"Elementary School Teachers, Except Special Education",25,Education,6,9,0.306288,0.379569,0.001189,34
25-2022.00,"Middle School Teachers, Except Special and Career/Technical Education",25,Education,6,9,0.31134,0.377601,0.00248,27
25-2023.00,"Career/Technical Education Teachers, Middle School",25,Education,6,10,0.297049,0.370758,0.003318,33
25-2031.00,"Secondary School Teachers, Except Special and Career/Technical Education",25,Education,6,9,0.319915,0.400325,0.004672,43
25-2032.00,"Career/Technical Education Teachers, Secondary School",25,Education,6,9,0.273056,0.323525,0.000868,17
25-2051.00,"Special Education Teachers, Preschool",25,Education,6,9,0.349537,0.448633,0.030933,62
25-2056.00,"Special Education Teachers, Elementary School",25,Education,6,9,0.304231,0.374713,0.002316,32
25-2057.00,"Special Education Teachers, Middle School",25,Education,6,9,0.306081,0.375265,0.001328,29
25-2058.00,"Special Education Teachers, Secondary School",25,Education,6,9,0.321962,0.404753,0.007715,43
25-2059.01,Adapted Physical Education Specialists,25,Education,6,9,0.317895,0.39011,0.008566,33
25-3011.00,"Adult Basic Education, Adult Secondary Education, and English as a Second Language Instructors",25,Education,6,9,0.305462,0.373425,0.000686,28
25-3021.00,Self-Enrichment Teachers,25,Education,6,10,0.275547,0.331381,0.000487,18
25-3031.00,"Substitute Teachers, Short-Term",25,Education,6,9,0.313278,0.388733,0.010398,36
25-3041.00,Tutors,25,Education,6,9,0.302403,0.368164,0.000661,27
25-4011.00,Archivists,25,Education,2,10,0.291506,0.33265,0.000367,5
25-4012.00,Curators,25,Education,2,10,0.293014,0.340726,0.010031,13
25-4013.00,Museum Technicians and Conservators,25,Education,12,10,0.245395,0.271507,0,1
25-4022.00,Librarians and Media Collections Specialists,25,Education,2,9,0.271746,0.308038,0.000011,5
25-9021.00,Farm and Home Management Educators,25,Education,2,10,0.302,0.351338,0.003982,8
25-9031.00,Instructional Coordinators,25,Education,6,9,0.334812,0.42061,0.033552,45
25-9042.00,"Teaching Assistants, Preschool, Elementary, Middle, and Secondary School, Except Special Education",25,Education,6,9,0.291881,0.342918,0.007025,13
25-9043.00,"Teaching Assistants, Special Education",25,Education,6,9,0.297439,0.355032,0.000559,21
25-9044.00,"Teaching Assistants, Postsecondary",25,Education,6,10,0.277064,0.324348,0.000013,10
27-1011.00,Art Directors,27,Arts & Media,2,10,0.274545,0.321276,0.009963,13
27-1022.00,Fashion Designers,27,Arts & Media,2,11,0.251248,0.293358,0.00059,9
27-1024.00,Graphic Designers,27,Arts & Media,2,10,0.254066,0.285391,0.000184,4
27-1025.00,Interior Designers,27,Arts & Media,0,10,0.239303,0.268154,0.000296,2
27-1026.00,Merchandise Displayers and Window Trimmers,27,Arts & Media,2,12,0.179833,0.195265,0.003299,2
27-1027.00,Set and Exhibit Designers,27,Arts & Media,2,11,0.215509,0.236042,0,1
27-2011.00,Actors,27,Arts & Media,6,10,0.238672,0.267397,0,1
27-2012.00,Producers and Directors,27,Arts & Media,0,10,0.24513,0.282918,0.000349,9
27-2012.03,Media Programming Directors,27,Arts & Media,0,11,0.217266,0.244145,0,2
27-2012.04,Talent Directors,27,Arts & Media,2,9,0.302403,0.353686,0.001475,14
27-2022.00,Coaches and Scouts,27,Arts & Media,6,10,0.268047,0.312083,0.000809,8
27-2023.00,"Umpires, Referees, and Other Sports Officials",27,Arts & Media,12,9,0.267572,0.301983,0.00004,3
27-2031.00,Dancers,27,Arts & Media,6,9,0.265067,0.304766,0.000025,6
27-2032.00,Choreographers,27,Arts & Media,6,10,0.26414,0.309555,0.000099,8
27-2041.00,Music Directors and Composers,27,Arts & Media,2,9,0.296466,0.350249,0.003898,17
27-2042.00,Musicians and Singers,27,Arts & Media,12,9,0.271257,0.301337,0.000424,4
27-3011.00,Broadcast Announcers and Radio Disc Jockeys,27,Arts & Media,14,10,0.192031,0.205968,0,1
27-3023.00,"News Analysts, Reporters, and Journalists",27,Arts & Media,14,8,0.30301,0.359837,0.004689,23
27-3031.00,Public Relations Specialists,27,Arts & Media,2,9,0.303213,0.35546,0.005181,17
27-3042.00,Technical Writers,27,Arts & Media,2,11,0.182735,0.193609,0,1
27-3043.00,Writers and Authors,27,Arts & Media,2,9,0.265689,0.30059,0.00001,5
27-3043.05,"Poets, Lyricists and Creative Writers",27,Arts & Media,2,10,0.223483,0.243115,0.003299,2
27-3091.00,Interpreters and Translators,27,Arts & Media,14,9,0.273551,0.315601,0.000502,6
27-4021.00,Photographers,27,Arts & Media,14,11,0.182441,0.196375,0,1
29-1011.00,Chiropractors,29,Healthcare Practitioners,8,10,0.306703,0.375891,0.007098,33
29-1023.00,Orthodontists,29,Healthcare Practitioners,8,11,0.24513,0.276723,0.000033,4
29-1031.00,Dietitians and Nutritionists,29,Healthcare Practitioners,8,11,0.247001,0.282763,0,5
29-1041.00,Optometrists,29,Healthcare Practitioners,8,10,0.267572,0.30991,0.000407,9
29-1051.00,Pharmacists,29,Healthcare Practitioners,8,10,0.276726,0.329956,0.002829,19
29-1071.00,Physician Assistants,29,Healthcare Practitioners,8,10,0.284369,0.342116,0.002011,23
29-1071.01,Anesthesiologist Assistants,29,Healthcare Practitioners,9,1,1,1,0,1
29-1081.00,Podiatrists,29,Healthcare Practitioners,8,10,0.268524,0.310536,0.000346,9
29-1122.00,Occupational Therapists,29,Healthcare Practitioners,6,10,0.290385,0.350691,0.001179,18
29-1122.01,"Low Vision Therapists, Orientation and Mobility Specialists, and Vision Rehabilitation Therapists",29,Healthcare Practitioners,6,9,0.310062,0.367336,0.002012,19
29-1123.00,Physical Therapists,29,Healthcare Practitioners,12,10,0.294538,0.347803,0.0021,18
29-1125.00,Recreational Therapists,29,Healthcare Practitioners,12,9,0.318118,0.382531,0.007039,24
29-1126.00,Respiratory Therapists,29,Healthcare Practitioners,7,1,1,1,0.000007,2
29-1127.00,Speech-Language Pathologists,29,Healthcare Practitioners,6,10,0.278427,0.324022,0.000025,5
29-1128.00,Exercise Physiologists,29,Healthcare Practitioners,8,9,0.305462,0.361702,0.001198,15
29-1129.01,Art Therapists,29,Healthcare Practitioners,12,9,0.313278,0.37409,0.001047,21
29-1129.02,Music Therapists,29,Healthcare Practitioners,12,9,0.290199,0.336804,0.000108,10
29-1131.00,Veterinarians,29,Healthcare Practitioners,8,11,0.254924,0.307792,0.002056,16
29-1141.00,Registered Nurses,29,Healthcare Practitioners,8,10,0.266627,0.310567,0.000378,12
29-1141.01,Acute Care Nurses,29,Healthcare Practitioners,8,10,0.275883,0.321287,0.005766,14
29-1141.02,Advanced Practice Psychiatric Nurses,29,Healthcare Practitioners,8,9,0.329934,0.401392,0.006572,31
29-1141.03,Critical Care Nurses,29,Healthcare Practitioners,8,10,0.267414,0.303529,0.000072,6
29-1141.04,Clinical Nurse Specialists,29,Healthcare Practitioners,8,10,0.306911,0.366165,0.017917,23
29-1151.00,Nurse Anesthetists,29,Healthcare Practitioners,7,2,0.666667,0.75,0,1
29-1161.00,Nurse Midwives,29,Healthcare Practitioners,8,9,0.334564,0.413738,0.027689,43
29-1171.00,Nurse Practitioners,29,Healthcare Practitioners,8,10,0.282772,0.338989,0.001145,22
29-1181.00,Audiologists,29,Healthcare Practitioners,8,10,0.250831,0.279712,0,1
29-1211.00,Anesthesiologists,29,Healthcare Practitioners,8,11,0.217684,0.239421,0,2
29-1213.00,Dermatologists,29,Healthcare Practitioners,8,9,0.300199,0.358685,0.000879,23
29-1214.00,Emergency Medicine Physicians,29,Healthcare Practitioners,8,9,0.335556,0.407852,0.0395,36
29-1215.00,Family Medicine Physicians,29,Healthcare Practitioners,8,10,0.286709,0.347561,0.002024,24
29-1216.00,General Internal Medicine Physicians,29,Healthcare Practitioners,8,10,0.279802,0.340521,0.003839,23
29-1217.00,Neurologists,29,Healthcare Practitioners,8,10,0.319689,0.398223,0.016009,39
29-1218.00,Obstetricians and Gynecologists,29,Healthcare Practitioners,8,10,0.299603,0.366251,0.01503,30
29-1221.00,"Pediatricians, General",29,Healthcare Practitioners,8,10,0.281192,0.334206,0.000555,19
29-1222.00,"Physicians, Pathologists",29,Healthcare Practitioners,5,11,0.21969,0.258623,0.000006,7
29-1223.00,Psychiatrists,29,Healthcare Practitioners,8,10,0.297049,0.361432,0.002608,25
29-1224.00,Radiologists,29,Healthcare Practitioners,8,11,0.226727,0.255327,0.009925,6
29-1229.01,Allergists and Immunologists,29,Healthcare Practitioners,8,10,0.285804,0.341265,0.000806,18
29-1229.02,Hospitalists,29,Healthcare Practitioners,8,9,0.321962,0.392601,0.004964,32
29-1229.03,Urologists,29,Healthcare Practitioners,8,10,0.277404,0.323192,0.008488,12
29-1229.04,Physical Medicine and Rehabilitation Physicians,29,Healthcare Practitioners,8,10,0.310487,0.380858,0.006604,32
29-1229.05,Preventive Medicine Physicians,29,Healthcare Practitioners,8,10,0.307119,0.37269,0.003811,25
29-1229.06,Sports Medicine Physicians,29,Healthcare Practitioners,8,10,0.290013,0.340497,0.00537,17
29-1241.00,"Ophthalmologists, Except Pediatric",29,Healthcare Practitioners,8,10,0.269002,0.313658,0.003135,12
29-1291.00,Acupuncturists,29,Healthcare Practitioners,12,10,0.254637,0.288763,0.000252,4
29-1299.01,Naturopathic Physicians,29,Healthcare Practitioners,8,9,0.335556,0.409407,0.014201,37
29-1299.02,Orthoptists,29,Healthcare Practitioners,8,10,0.267099,0.318586,0.00017,12
29-2011.01,Cytogenetic Technologists,29,Healthcare Practitioners,8,12,0.185049,0.200699,0,2
29-2011.04,Histotechnologists,29,Healthcare Practitioners,9,1,1,1,0,1
29-2031.00,Cardiovascular Technologists and Technicians,29,Healthcare Practitioners,10,1,1,1,0,1
29-2033.00,Nuclear Medicine Technologists,29,Healthcare Practitioners,10,1,1,1,0,1
29-2036.00,Medical Dosimetrists,29,Healthcare Practitioners,8,10,0.277064,0.33434,0.011358,21
29-2051.00,Dietetic Technicians,29,Healthcare Practitioners,5,11,0.180838,0.190197,0,1
29-2052.00,Pharmacy Technicians,29,Healthcare Practitioners,11,1,1,1,0,1
29-2053.00,Psychiatric Technicians,29,Healthcare Practitioners,12,9,0.3107,0.370957,0.011849,22
29-2056.00,Veterinary Technologists and Technicians,29,Healthcare Practitioners,7,2,0.666667,0.75,0,1
29-2061.00,Licensed Practical and Licensed Vocational Nurses,29,Healthcare Practitioners,8,10,0.265533,0.306594,0.004388,9
29-2099.05,Ophthalmic Medical Technologists,29,Healthcare Practitioners,8,11,0.202322,0.217716,0,1
29-2099.08,Patient Representatives,29,Healthcare Practitioners,12,8,0.306911,0.351374,0.001829,10
29-9091.00,Athletic Trainers,29,Healthcare Practitioners,8,10,0.27963,0.324488,0.007136,9
29-9092.00,Genetic Counselors,29,Healthcare Practitioners,8,9,0.298419,0.352924,0.000436,15
29-9099.01,Midwives,29,Healthcare Practitioners,8,10,0.308163,0.364478,0.003587,17
31-1121.00,Home Health Aides,31,Healthcare Support,12,9,0.247676,0.282276,0.001259,6
31-1122.00,Personal Care Aides,31,Healthcare Support,12,9,0.249724,0.28312,0.01079,7
31-1131.00,Nursing Assistants,31,Healthcare Support,12,10,0.200088,0.217331,0.003299,2
31-1132.00,Orderlies,31,Healthcare Support,12,10,0.199912,0.215859,0,1
31-1133.00,Psychiatric Aides,31,Healthcare Support,12,9,0.270933,0.312312,0.00322,10
31-2011.00,Occupational Therapy Assistants,31,Healthcare Support,12,9,0.29473,0.349849,0.013211,15
31-2012.00,Occupational Therapy Aides,31,Healthcare Support,12,9,0.247406,0.287598,0.006723,10
31-2021.00,Physical Therapist Assistants,31,Healthcare Support,8,11,0.218841,0.240166,0.003299,2
31-2022.00,Physical Therapist Aides,31,Healthcare Support,12,10,0.243811,0.274577,0.00017,4
31-9011.00,Massage Therapists,31,Healthcare Support,12,10,0.245662,0.272979,0.000027,2
31-9091.00,Dental Assistants,31,Healthcare Support,8,12,0.179619,0.191521,0,1
31-9092.00,Medical Assistants,31,Healthcare Support,8,10,0.253497,0.28501,0.003307,5
31-9094.00,Medical Transcriptionists,31,Healthcare Support,14,9,0.211386,0.229761,0,1
31-9095.00,Pharmacy Aides,31,Healthcare Support,11,1,1,1,0,1
31-9097.00,Phlebotomists,31,Healthcare Support,12,11,0.166789,0.176799,0,1
31-9099.01,Speech-Language Pathology Assistants,31,Healthcare Support,12,9,0.324964,0.391492,0.009381,25
33-1011.00,First-Line Supervisors of Correctional Officers,33,Protective Service,0,9,0.298223,0.342628,0.008684,10
33-1012.00,First-Line Supervisors of Police and Detectives,33,Protective Service,0,9,0.270448,0.311539,0.001471,9
33-1021.00,First-Line Supervisors of Firefighting and Prevention Workers,33,Protective Service,0,10,0.216643,0.240145,0.004026,5
33-1091.00,First-Line Supervisors of Security Workers,33,Protective Service,0,9,0.251947,0.285548,0.01459,6
33-2021.00,Fire Inspectors and Investigators,33,Protective Service,5,10,0.220653,0.237932,0.003299,3
33-2022.00,Forest Fire Inspectors and Prevention Specialists,33,Protective Service,0,11,0.178136,0.190461,0,1
33-3011.00,Bailiffs,33,Protective Service,12,10,0.217058,0.234333,0,1
33-3012.00,Correctional Officers and Jailers,33,Protective Service,12,9,0.238045,0.260407,0,3
33-3021.00,Detectives and Criminal Investigators,33,Protective Service,12,8,0.292636,0.335596,0.012393,12
33-3021.02,Police Identification and Records Officers,33,Protective Service,12,9,0.243026,0.2686,0.000013,4
33-3021.06,Intelligence Analysts,33,Protective Service,2,9,0.337808,0.406905,0.023607,31
33-3051.00,Police and Sheriff's Patrol Officers,33,Protective Service,12,9,0.277064,0.31587,0.010942,10
33-3051.04,Customs and Border Protection Officers,33,Protective Service,12,8,0.3,0.346613,0.009937,14
33-3052.00,Transit and Railroad Police,33,Protective Service,14,9,0.231832,0.253999,0,2
33-9011.00,Animal Control Workers,33,Protective Service,14,9,0.276051,0.322409,0.01097,14
33-9021.00,Private Detectives and Investigators,33,Protective Service,12,9,0.296466,0.342044,0.001665,12
33-9031.00,Gambling Surveillance Officers and Gambling Investigators,33,Protective Service,5,9,0.239683,0.261644,0.000103,2
33-9032.00,Security Guards,33,Protective Service,12,9,0.2446,0.273505,0.000308,6
33-9091.00,Crossing Guards and Flaggers,33,Protective Service,14,10,0.197042,0.214245,0.000473,2
33-9092.00,"Lifeguards, Ski Patrol, and Other Recreational Protective Service Workers",33,Protective Service,12,10,0.198423,0.217192,0,1
33-9099.02,Retail Loss Prevention Specialists,33,Protective Service,5,9,0.259897,0.292927,0.008499,7
35-1011.00,Chefs and Head Cooks,35,Food Preparation,0,13,0.140771,0.149548,0,1
35-1012.00,First-Line Supervisors of Food Preparation and Serving Workers,35,Food Preparation,0,11,0.195596,0.21763,0.006583,2
35-2011.00,"Cooks, Fast Food",35,Food Preparation,14,11,0.179548,0.197846,0.029176,3
35-2015.00,"Cooks, Short Order",35,Food Preparation,13,14,0.117785,0.130824,0.003306,4
35-2021.00,Food Preparation Workers,35,Food Preparation,13,14,0.117785,0.130824,0.00004,4
35-3011.00,Bartenders,35,Food Preparation,0,10,0.241471,0.273754,0.000865,4
35-3023.00,Fast Food and Counter Workers,35,Food Preparation,13,12,0.153092,0.16938,0.025999,4
35-3031.00,Waiters and Waitresses,35,Food Preparation,13,13,0.13304,0.144758,0.001627,2
35-3041.00,"Food Servers, Nonrestaurant",35,Food Preparation,13,14,0.117785,0.130824,0.003321,4
35-9011.00,Dining Room and Cafeteria Attendants and Bartender Helpers,35,Food Preparation,13,13,0.133079,0.145126,0.00651,2
35-9031.00,"Hosts and Hostesses, Restaurant, Lounge, and Coffee Shop",35,Food Preparation,14,10,0.214896,0.239365,0.028255,4
37-1012.00,"First-Line Supervisors of Landscaping, Lawn Service, and Groundskeeping Workers",37,Building & Grounds,0,12,0.148866,0.15945,0.003299,2
37-2012.00,Maids and Housekeeping Cleaners,37,Building & Grounds,13,13,0.133118,0.14623,0.008137,3
39-1013.00,First-Line Supervisors of Gambling Services Workers,39,Personal Care,0,9,0.263986,0.29481,0.004814,3
39-1022.00,First-Line Supervisors of Personal Service Workers,39,Personal Care,0,9,0.272563,0.318124,0.002652,13
39-2011.00,Animal Trainers,39,Personal Care,6,10,0.251109,0.287333,0.000017,6
39-3011.00,Gambling Dealers,39,Personal Care,14,9,0.237297,0.268932,0.007022,7
39-3012.00,Gambling and Sports Book Writers and Runners,39,Personal Care,14,9,0.220653,0.24677,0.000214,5
39-3031.00,"Ushers, Lobby Attendants, and Ticket Takers",39,Personal Care,30,1,1,1,0,1
39-3092.00,Costume Attendants,39,Personal Care,0,10,0.217475,0.235991,0,1
39-3093.00,"Locker Room, Coatroom, and Dressing Room Attendants",39,Personal Care,12,11,0.177369,0.189803,0,1
39-5012.00,"Hairdressers, Hairstylists, and Cosmetologists",39,Personal Care,14,9,0.229833,0.25354,0.000509,2
39-5092.00,Manicurists and Pedicurists,39,Personal Care,14,11,0.179833,0.196317,0.000411,2
39-5093.00,Shampooers,39,Personal Care,12,10,0.215509,0.239294,0.006838,5
39-5094.00,Skincare Specialists,39,Personal Care,14,10,0.223043,0.249827,0.003579,4
39-6012.00,Concierges,39,Personal Care,14,10,0.206003,0.22763,0.00194,4
39-7011.00,Tour Guides and Escorts,39,Personal Care,12,11,0.177369,0.189803,0,1
39-7012.00,Travel Guides,39,Personal Care,14,10,0.18875,0.203169,0,1
39-9011.00,Childcare Workers,39,Personal Care,12,9,0.268683,0.308185,0.000352,6
39-9011.01,Nannies,39,Personal Care,12,9,0.259897,0.289548,0.000061,3
39-9032.00,Recreation Workers,39,Personal Care,0,10,0.257826,0.297651,0.000964,6
39-9041.00,Residential Advisors,39,Personal Care,0,9,0.277744,0.319049,0.008775,10
41-1011.00,First-Line Supervisors of Retail Sales Workers,41,Sales,0,10,0.27142,0.319253,0.002931,14
41-1012.00,First-Line Supervisors of Non-Retail Sales Workers,41,Sales,0,10,0.261547,0.319621,0.002106,21
41-2011.00,Cashiers,41,Sales,14,10,0.203962,0.224946,0.00632,4
41-2021.00,Counter and Rental Clerks,41,Sales,12,9,0.224257,0.248344,0.001973,2
41-2031.00,Retail Salespersons,41,Sales,14,10,0.212976,0.232655,0,1
41-3011.00,Advertising Sales Agents,41,Sales,14,9,0.236677,0.264863,0.000694,6
41-3021.00,Insurance Sales Agents,41,Sales,14,8,0.259748,0.289596,0.000034,4
41-3031.00,"Securities, Commodities, and Financial Services Sales Agents",41,Sales,2,9,0.283835,0.336694,0.003921,17
41-3041.00,Travel Agents,41,Sales,14,9,0.251807,0.288857,0.006759,9
41-4011.00,"Sales Representatives, Wholesale and Manufacturing, Technical and Scientific Products",41,Sales,14,9,0.232546,0.261539,0.004209,6
41-4011.07,Solar Sales Representatives and Assessors,41,Sales,14,8,0.298223,0.343927,0.011398,13
41-4012.00,"Sales Representatives, Wholesale and Manufacturing, Except Technical and Scientific Products",41,Sales,14,9,0.263679,0.304912,0.005822,11
41-9011.00,Demonstrators and Product Promoters,41,Sales,2,13,0.152474,0.161911,0,1
41-9021.00,Real Estate Brokers,41,Sales,14,8,0.274879,0.311371,0.000914,9
41-9022.00,Real Estate Sales Agents,41,Sales,14,9,0.270448,0.314583,0.006405,11
41-9031.00,Sales Engineers,41,Sales,14,9,0.229833,0.249171,0,1
41-9041.00,Telemarketers,41,Sales,14,11,0.176196,0.189765,0,1
41-9091.00,"Door-to-Door Sales Workers, News and Street Vendors, and Related Workers",41,Sales,14,10,0.21378,0.240351,0.003701,6
43-1011.00,First-Line Supervisors of Office and Administrative Support Workers,43,Office & Admin Support,0,10,0.27963,0.335751,0.003903,18
43-2011.00,"Switchboard Operators, Including Answering Service",43,Office & Admin Support,14,9,0.237546,0.265718,0.004696,5
43-2021.00,Telephone Operators,43,Office & Admin Support,14,9,0.218313,0.241278,0.000094,3
43-3011.00,Bill and Account Collectors,43,Office & Admin Support,14,9,0.267572,0.30877,0.001041,10
43-3021.00,Billing and Posting Clerks,43,Office & Admin Support,2,9,0.218208,0.236859,0.000031,2
43-3031.00,"Bookkeeping, Accounting, and Auditing Clerks",43,Office & Admin Support,2,9,0.270286,0.307223,0.002752,6
43-3041.00,Gambling Cage Workers,43,Office & Admin Support,14,10,0.203139,0.223548,0.000021,4
43-3051.00,Payroll and Timekeeping Clerks,43,Office & Admin Support,2,9,0.231005,0.257043,0.000565,3
43-3061.00,Procurement Clerks,43,Office & Admin Support,2,9,0.294922,0.349071,0.003507,18
43-3071.00,Tellers,43,Office & Admin Support,14,9,0.242635,0.276577,0.008959,8
43-4011.00,Brokerage Clerks,43,Office & Admin Support,2,9,0.296855,0.347232,0.001323,14
43-4021.00,Correspondence Clerks,43,Office & Admin Support,2,8,0.312414,0.375126,0.006472,28
43-4031.00,"Court, Municipal, and License Clerks",43,Office & Admin Support,14,8,0.304435,0.355033,0.011482,19
43-4041.00,"Credit Authorizers, Checkers, and Clerks",43,Office & Admin Support,2,8,0.298813,0.352499,0.002389,20
43-4051.00,Customer Service Representatives,43,Office & Admin Support,14,8,0.291693,0.340053,0.008336,12
43-4061.00,"Eligibility Interviewers, Government Programs",43,Office & Admin Support,14,8,0.313495,0.367915,0.015919,19
43-4071.00,File Clerks,43,Office & Admin Support,14,8,0.264757,0.29872,0.000013,5
43-4081.00,"Hotel, Motel, and Resort Desk Clerks",43,Office & Admin Support,14,10,0.227296,0.248264,0,1
43-4111.00,"Interviewers, Except Eligibility and Loan",43,Office & Admin Support,2,8,0.296466,0.344852,0.00132,10
43-4121.00,"Library Assistants, Clerical",43,Office & Admin Support,14,9,0.233505,0.25391,0,1
43-4131.00,Loan Interviewers and Clerks,43,Office & Admin Support,2,8,0.300797,0.347577,0.001404,15
43-4141.00,New Accounts Clerks,43,Office & Admin Support,14,8,0.293774,0.347164,0.019685,21
43-4151.00,Order Clerks,43,Office & Admin Support,14,8,0.279113,0.32931,0.016578,18
43-4161.00,"Human Resources Assistants, Except Payroll and Timekeeping",43,Office & Admin Support,2,8,0.341629,0.420677,0.03146,45
43-4171.00,Receptionists and Information Clerks,43,Office & Admin Support,14,9,0.267414,0.309132,0.030908,12
43-4181.00,Reservation and Transportation Ticket Agents and Travel Clerks,43,Office & Admin Support,14,9,0.293965,0.344,0.009902,16
43-5011.01,Freight Forwarders,43,Office & Admin Support,14,9,0.265533,0.292948,0,2
43-5021.00,Couriers and Messengers,43,Office & Admin Support,27,1,1,1,0,1
43-5031.00,Public Safety Telecommunicators,43,Office & Admin Support,12,9,0.239683,0.268017,0.006695,5
43-5032.00,"Dispatchers, Except Police, Fire, and Ambulance",43,Office & Admin Support,14,9,0.251947,0.279841,0.000262,3
43-5051.00,Postal Service Clerks,43,Office & Admin Support,14,9,0.220331,0.245115,0.003299,4
43-5071.00,"Shipping, Receiving, and Inventory Clerks",43,Office & Admin Support,14,10,0.180622,0.193455,0,1
43-6011.00,Executive Secretaries and Executive Administrative Assistants,43,Office & Admin Support,14,8,0.311126,0.363957,0.009543,20
43-6012.00,Legal Secretaries and Administrative Assistants,43,Office & Admin Support,14,8,0.267889,0.309316,0.003453,11
43-6013.00,Medical Secretaries and Administrative Assistants,43,Office & Admin Support,14,8,0.260945,0.293627,0.001628,5
43-6014.00,"Secretaries and Administrative Assistants, Except Legal, Medical, and Executive",43,Office & Admin Support,14,8,0.266157,0.303797,0.000094,8
43-9041.00,Insurance Claims and Policy Processing Clerks,43,Office & Admin Support,14,8,0.321277,0.378653,0.00828,21
43-9061.00,"Office Clerks, General",43,Office & Admin Support,14,8,0.285624,0.335911,0.012876,15
43-9111.00,Statistical Assistants,43,Office & Admin Support,2,11,0.21459,0.23332,0,1
45-4022.00,Logging Equipment Operators,45,"Farming, Fishing & Forestry",15,3,0.388889,0.452381,0,1
47-1011.00,First-Line Supervisors of Construction Trades and Extraction Workers,47,Construction & Extraction,19,1,1,1,0,1
47-1011.03,Solar Energy Installation Managers,47,Construction & Extraction,0,11,0.174701,0.189793,0.006583,2
47-2043.00,Floor Sanders and Finishers,47,Construction & Extraction,16,2,0.625,0.7,0,2
47-2071.00,"Paving, Surfacing, and Tamping Equipment Operators",47,Construction & Extraction,15,3,0.583333,0.690476,0.000004,3
47-2072.00,Pile Driver Operators,47,Construction & Extraction,15,2,0.583333,0.642857,0.000044,2
47-4011.00,Construction and Building Inspectors,47,Construction & Extraction,5,10,0.237173,0.258833,0.000724,4
47-4011.01,Energy Auditors,47,Construction & Extraction,5,12,0.166361,0.17799,0,1
47-4021.00,Elevator and Escalator Installers and Repairers,47,Construction & Extraction,18,4,0.4,0.486111,0,1
47-4051.00,Highway Maintenance Workers,47,Construction & Extraction,16,3,0.5,0.566667,0,1
47-4061.00,Rail-Track Laying and Maintenance Equipment Operators,47,Construction & Extraction,15,2,0.875,0.928571,0.000117,6
47-5022.00,"Excavating and Loading Machine and Dragline Operators, Surface Mining",47,Construction & Extraction,31,1,1,1,0,1
47-5023.00,"Earth Drillers, Except Oil and Gas",47,Construction & Extraction,15,3,0.538462,0.619048,0,2
47-5041.00,Continuous Mining Machine Operators,47,Construction & Extraction,15,3,0.583333,0.690476,0.000004,3
47-5051.00,"Rock Splitters, Quarry",47,Construction & Extraction,16,2,0.833333,0.9,0.000051,4
47-5071.00,"Roustabouts, Oil and Gas",47,Construction & Extraction,15,3,0.5,0.547619,0,1
49-2022.00,"Telecommunications Equipment Installers and Repairers, Except Line Installers",49,Installation & Repair,17,1,1,1,0,1
49-2092.00,"Electric Motor, Power Tool, and Related Repairers",49,Installation & Repair,18,3,0.6,0.722222,0.000066,3
49-3011.00,Aircraft Mechanics and Service Technicians,49,Installation & Repair,18,3,0.428571,0.5,0,1
49-3023.00,Automotive Service Technicians and Mechanics,49,Installation & Repair,17,1,1,1,0,1
49-3041.00,Farm Equipment Mechanics and Service Technicians,49,Installation & Repair,18,2,0.666667,0.75,0.00008,3
49-3051.00,Motorboat Mechanics and Service Technicians,49,Installation & Repair,18,4,0.352941,0.444444,0,1
49-3053.00,Outdoor Power Equipment and Other Small Engine Mechanics,49,Installation & Repair,18,3,0.5,0.611111,0.000036,2
49-9097.00,Signal and Track Switch Repairers,49,Installation & Repair,18,4,0.4,0.486111,0,1
51-1011.00,First-Line Supervisors of Production and Operating Workers,51,Production,19,1,1,1,0,1
51-3021.00,Butchers and Meat Cutters,51,Production,13,15,0.105398,0.113098,0,1
51-3092.00,Food Batchmakers,51,Production,20,1,1,1,0,1
51-3093.00,Food Cooking Machine Operators and Tenders,51,Production,20,1,1,1,0,1
51-4021.00,"Extruding and Drawing Machine Setters, Operators, and Tenders, Metal and Plastic",51,Production,24,2,0.666667,0.75,0.000007,2
51-4023.00,"Rolling Machine Setters, Operators, and Tenders, Metal and Plastic",51,Production,21,2,0.666667,0.75,0,1
51-4031.00,"Cutting, Punching, and Press Machine Setters, Operators, and Tenders, Metal and Plastic",51,Production,24,3,0.5,0.583333,0,1
51-4033.00,"Grinding, Lapping, Polishing, and Buffing Machine Tool Setters, Operators, and Tenders, Metal and Plastic",51,Production,23,1,1,1,0,1
51-4035.00,"Milling and Planing Machine Setters, Operators, and Tenders, Metal and Plastic",51,Production,24,2,0.666667,0.75,0.000007,2
51-5112.00,Printing Press Operators,51,Production,22,1,1,1,0,1
51-6011.00,Laundry and Dry-Cleaning Workers,51,Production,29,1,1,1,0,1
51-6061.00,Textile Bleaching and Dyeing Machine Operators and Tenders,51,Production,24,3,0.571429,0.708333,0.000004,2
51-6063.00,"Textile Knitting and Weaving Machine Setters, Operators, and Tenders",51,Production,21,2,0.666667,0.75,0,1
51-6064.00,"Textile Winding, Twisting, and Drawing Out Machine Setters, Operators, and Tenders",51,Production,21,1,1,1,0.000007,2
51-7041.00,"Sawing Machine Setters, Operators, and Tenders, Wood",51,Production,15,3,0.538462,0.619048,0,2
51-9022.00,"Grinding and Polishing Workers, Hand",51,Production,22,1,1,1,0,1
51-9023.00,"Mixing and Blending Machine Setters, Operators, and Tenders",51,Production,32,1,1,1,0.000007,2
51-9032.00,"Cutting and Slicing Machine Setters, Operators, and Tenders",51,Production,23,1,1,1,0,1
51-9041.00,"Extruding, Forming, Pressing, and Compacting Machine Setters, Operators, and Tenders",51,Production,24,2,0.8,0.875,0.000026,3
51-9191.00,Adhesive Bonding Machine Operators and Tenders,51,Production,32,2,0.666667,0.75,0,1
51-9192.00,"Cleaning, Washing, and Metal Pickling Equipment Operators and Tenders",51,Production,16,3,0.5,0.566667,0,1
51-9195.00,"Molders, Shapers, and Casters, Except Metal and Plastic",51,Production,16,3,0.454545,0.533333,0,1
53-1041.00,Aircraft Cargo Handling Supervisors,53,Transportation,0,13,0.129614,0.136577,0,1
53-1042.00,"First-Line Supervisors of Helpers, Laborers, and Material Movers, Hand",53,Transportation,0,10,0.211189,0.236312,0.01013,4
53-1042.01,Recycling Coordinators,53,Transportation,0,10,0.250831,0.289756,0.008494,10
53-2011.00,"Airline Pilots, Copilots, and Flight Engineers",53,Transportation,25,1,1,1,0,1
53-2012.00,Commercial Pilots,53,Transportation,25,1,1,1,0,1
53-2021.00,Air Traffic Controllers,53,Transportation,26,1,1,1,0,1
53-2022.00,Airfield Operations Specialists,53,Transportation,26,1,1,1,0,1
53-2031.00,Flight Attendants,53,Transportation,12,9,0.252087,0.286899,0.006306,6
53-3031.00,Driver/Sales Workers,53,Transportation,27,1,1,1,0,1
53-3051.00,"Bus Drivers, School",53,Transportation,28,1,1,1,0.000007,2
53-3053.00,Shuttle Drivers and Chauffeurs,53,Transportation,28,2,0.666667,0.75,0,1
53-4022.00,"Railroad Brake, Signal, and Switch Operators and Locomotive Firers",53,Transportation,29,1,1,1,0,1
53-6011.00,Bridge and Lock Tenders,53,Transportation,28,2,0.666667,0.75,0,1
53-6041.00,Traffic Technicians,53,Transportation,5,12,0.183847,0.196715,0,1
53-6051.00,Transportation Inspectors,53,Transportation,5,10,0.220438,0.236461,0,2
53-6061.00,Passenger Attendants,53,Transportation,30,1,1,1,0,1
53-7031.00,Dredge Operators,53,Transportation,31,1,1,1,0,1
53-7062.04,Recycling and Reclamation Workers,53,Transportation,16,2,0.714286,0.8,0.000029,3
53-7065.00,Stockers and Order Fillers,53,Transportation,13,15,0.105398,0.113098,0,1
53-7071.00,Gas Compressor and Gas Pumping Station Operators,53,Transportation,32,2,0.666667,0.75,0,1
